{
  "kgram_mlp_seq": {
    "train": [
      [
        10.853947639465332,
        10.690486907958984,
        10.521312713623047,
        10.384686470031738,
        10.26661491394043,
        10.0603666305542,
        9.859308242797852,
        9.719098091125488,
        9.521708488464355,
        9.355423927307129
      ],
      [
        9.161150932312012,
        8.853009223937988,
        8.594914436340332,
        8.36765193939209,
        8.114799499511719,
        7.825430393218994,
        7.522218227386475,
        7.189083099365234,
        6.844913482666016,
        6.457175254821777
      ],
      [
        6.132091999053955,
        5.763123512268066,
        5.324230670928955,
        4.86072301864624,
        4.452225208282471,
        4.138092041015625,
        3.6306545734405518,
        3.1149497032165527,
        2.6172962188720703,
        2.2835192680358887
      ]
    ],
    "test": [
      [
        9.106892585754395,
        9.092582702636719,
        9.132528305053711,
        9.138191223144531,
        9.13551139831543,
        9.126866340637207,
        9.092581748962402,
        9.12120246887207,
        9.118218421936035,
        9.135512351989746,
        9.135514259338379,
        9.035646438598633,
        9.129851341247559,
        9.086919784545898,
        9.132528305053711,
        9.11553955078125,
        9.12686538696289,
        9.155486106872559,
        9.103907585144043,
        9.075592994689941,
        9.129851341247559,
        9.086565971374512
      ],
      [
        6.153886795043945,
        6.1161699295043945,
        6.116169452667236,
        6.084324836730957,
        6.110296249389648,
        6.246026515960693,
        6.064227104187012,
        6.1940836906433105,
        6.158063888549805,
        6.246026515960693,
        6.106120586395264,
        6.204132556915283,
        6.126218318939209,
        6.173985004425049,
        6.094374179840088,
        6.142140865325928,
        6.126218795776367,
        6.2359771728515625,
        6.130394458770752,
        6.132091522216797,
        6.1521897315979,
        6.051332950592041
      ],
      [
        1.9543379545211792,
        2.030580520629883,
        1.8915363550186157,
        1.9632593393325806,
        2.008100986480713,
        1.7838927507400513,
        1.8466947078704834,
        1.94981849193573,
        2.057461977005005,
        1.936377763748169,
        1.904976725578308,
        1.9229369163513184,
        1.9722981452941895,
        1.94981849193573,
        2.0171399116516113,
        2.0529425144195557,
        1.9184175729751587,
        1.9677784442901611,
        1.9677785634994507,
        1.8018529415130615,
        1.9184176921844482,
        1.8117724657058716
      ]
    ]
  },
  "lstm_seq": {
    "train": [
      [
        10.814840316772461,
        10.774882316589355,
        10.712934494018555,
        10.664968490600586,
        10.621158599853516,
        10.567560195922852,
        10.508204460144043,
        10.442281723022461,
        10.379629135131836,
        10.313952445983887
      ],
      [
        10.241138458251953,
        10.164044380187988,
        10.076869010925293,
        9.978532791137695,
        9.867109298706055,
        9.72784423828125,
        9.588407516479492,
        9.420963287353516,
        9.174566268920898,
        8.942805290222168
      ],
      [
        8.651598930358887,
        8.317848205566406,
        8.038912773132324,
        7.755734920501709,
        7.471695899963379,
        7.123531818389893,
        6.839621543884277,
        6.6203155517578125,
        6.242255210876465,
        6.007753849029541
      ]
    ],
    "test": [
      [
        10.240009307861328,
        10.240659713745117,
        10.239591598510742,
        10.239893913269043,
        10.239592552185059,
        10.240718841552734,
        10.241080284118652,
        10.240602493286133,
        10.239477157592773,
        10.240718841552734,
        10.239114761352539,
        10.241250991821289,
        10.240718841552734,
        10.241902351379395,
        10.241554260253906,
        10.241137504577637,
        10.241080284118652,
        10.239706993103027,
        10.24136734008789,
        10.240068435668945,
        10.23894214630127,
        10.24034309387207
      ],
      [
        8.64466667175293,
        8.647035598754883,
        8.6632661819458,
        8.640104293823242,
        8.625893592834473,
        8.644665718078613,
        8.667830467224121,
        8.639930725097656,
        8.672566413879395,
        8.651426315307617,
        8.647207260131836,
        8.637733459472656,
        8.64449405670166,
        8.647034645080566,
        8.635366439819336,
        8.663093566894531,
        8.6329984664917,
        8.637733459472656,
        8.642298698425293,
        8.607293128967285,
        8.665462493896484,
        8.613718032836914
      ],
      [
        5.713735580444336,
        5.6899213790893555,
        5.698115825653076,
        5.713735580444336,
        5.717833042144775,
        5.678398609161377,
        5.705540657043457,
        5.721161365509033,
        5.717833042144775,
        5.670973300933838,
        5.702212810516357,
        5.744975566864014,
        5.756497859954834,
        5.698115825653076,
        5.705541133880615,
        5.729355812072754,
        5.717833042144775,
        5.728586673736572,
        5.756497859954834,
        5.705541133880615,
        5.725258827209473,
        5.6716389656066895
      ]
    ]
  },
  "kvcache_transformer": {
    "train": [
      [
        11.043168067932129,
        10.20007610321045,
        9.601835250854492,
        8.984700202941895,
        8.583402633666992,
        7.980210304260254,
        7.384156703948975,
        7.108639240264893,
        6.732306003570557,
        6.314557075500488
      ],
      [
        6.047207832336426,
        5.613106727600098,
        5.388662338256836,
        5.067899703979492,
        4.741038799285889,
        4.519608020782471,
        4.262897968292236,
        4.004064559936523,
        3.77026629447937,
        3.5457754135131836
      ],
      [
        3.316147804260254,
        3.104854106903076,
        2.8805336952209473,
        2.703122854232788,
        2.4829916954040527,
        2.30033802986145,
        2.1021926403045654,
        1.9311214685440063,
        1.7563904523849487,
        1.5787051916122437
      ]
    ],